Amount_Bin,Transactions,Frauds,Fraud_Rate_%
"[0, 10)",97314,249,0.25587274184598313
"[10, 50)",92390,56,0.06061262041346466
"[50, 100)",37718,57,0.1511214804602577
"[100, 500)",47893,95,0.19835884158436512
"[500, 1000)",6423,26,0.4047952670091858
"[1000, 5000)",3014,9,0.29860650298606506
"[5000, 10000)",47,0,0.0
"[10000, 25000)",7,0,0.0
